DOI,TREATMENT,INOCTYPE,RESPONSE,SOILTYPE,FIELDGREENHOUSE,LANDUSE,ECOTYPE,ECOREGION,LOCATION
10.3389/fmicb.2016.01089,,,,,,,,,
10.3389/fpls.2022.892826,,,,,,,,,
10.1038/s41598-019-50354-2,,,,,,,,,
,,,,,,,,,
10.3389/fpls.2016.00548,,,,,,,,,
10.1038/s41598-020-59180-3,,,,,,,,,
10.3390/ijms21217987,the microbiome; Published ; water regime levels; three; (well-watered; endophytic; non-autoclaved soil; RWC; identiﬁcation; soil inoculation control; drought; three mycorrhizal levels,Rhizophagus irregularis control; endophytic core microbiome; natural inoculation; autoclaved soil inoculation; Rhizophagus irregularis; autoclaved soil,the growth activity,,greenhouse,,Triticum; spelt common; Obornicka Str; Badenkrone’; aestivum; wheat; T. aestivum; vulgare; spelt; Badenstern; spelta; Zollernspelz’,,Poland
10.3389/fpls.2015.00786,,,,,,,,,
10.3390/jof9060677,low moderate; AMF; arsenic As; As; AMF compounds mosseae,Arbuscular mycorrhizal fungi (AMF); Funneliformis mosseae,,,pot experiment,contamination; heavy metals; toxicity,maize L.; Zea mays,,
,,,,,,,,,
,,,,,,,E. E-farnesol; Citrus is; aurantium; Citrus aurantium,,North East; Tunisia
10.1038/ncomms1046,,,,,,,,,
10.1038/s41598-018-29020-6,,,,,,,,,
10.1146/annurev-arplant-042110-103846,AM symbioses; the MP DP; symbiotic interfaces; an MP; AM; MP DP; AM fungal,arbuscular mycorrhizal (AM),mycorrhizal growth; plant growth; responses,,,agronomic evolutionary,,,New
10.3390/microorganisms7100403,inoculate; Published; PGPR,Ensifer; plant growth-promoting rhizobacteria,biomass; plant growth; plant yield; published,,,,Medicago sativa,,
10.3389/fpls.2019.01068,,,,,,,,,
10.3390/toxics11070582,University Faculty; medium; AMF caledonium; three; low; three microorganisms; Faculty Agriculture; Biochar; Phytoremediation; fungi mendocina; Agro-Grassland; single mixed inoculation; Cadmium-Contaminated Soil; cadmium-contaminated soil; high,Pseudomonas mendocina; arbuscular-mycorrhizal fungi; Funneliformis caledonium; University Suez Canal; Mohamed S. Sheteiwy; Agronomy; Ceratobasidium; University Mansoura Mansoura,,,,toxic; toxics Article; Remediation,Paspalum vaginatum; Pennisetum alopecuroides; Ismailia 41522; Canal,,Egypt; Agricultural University; Egypt Correspondence; China; Nanjing Nanjing Agricultural University
10.5194/se-5-939-2014,biochar; soil amendment; biochar rate; The biochar; The biochar applied; Soil water,,yield; Published; rice yields; rice yield,Undisturbed soil; sandy loam,,,rice; eucalyptus,,a loam Dystric Plinthosol
10.1007/s00248-016-0779-8,three; ambient temperatures; No mycorrhizae,Sphingobacteriales,early growth; stable growth,hot desert soils,,,Western Himalayas; Mount Shukule; temperate subnival,,Ladakh India
10.3389/fmicb.2017.00719,,,,,,,,,
,streams lakes; AL PETER ET M. VITOUSEK; Prepayment; Durham 9Department; the acidiﬁcation; on scientiﬁc consensus; control,Biological Sciences University 6Department; N. Agriculture combustion activities; University Durham Duke; University Cornell Ithaca; University Cornell; Sciences Stanford Stanford University; Biological Sciences University Edmonton 8Department,dynamics The growth those,,greenhouse,estuaries; cycle agriculture; agricultural; coastal,"W. DAVID SCHINDLER,7 WILLIAM; many terrestrial freshwater ecosystems; nearshore ecosystems; Alberta; America",terrestrial; terrestrial ecosystems,New York; USA; Alberta Canada; North Carolina; G Edmonton; Mary Flagler Cary Arboretum Millbrook; Washington D.C.; University; University Durham 4Section; New Hampshire
10.3389/fpls.2013.00426,,,,,,,,,
,N addition; xingf522@126.com; levels; denaturing,  gradient gel electrophoresis,,,,,Leymus chinensis; kg ha-1 yr-1; ha-1 yr-1; grasslands properties; Artemisia scoparia,,
10.3390/jof9040479,AMF; Mo molybdenum (Mo); AMF etunicatum; high Mo; inoculation; Mo; Safety; Luoyang Symbiotic Microorganism Development; Cu; Mo addition; Inoculation; Mo stress,"Claroideoglomus etunicatum; AMF inoculation; AMF Inoculation; 1,2,3; Claroideoglomus etunicatum intraradices; arbuscular mycorrhizal fungi (AMF); Rhizophagus intraradices; Engineering; University Qingdao; etunicatum Rhizophagus intraradices; Henan University Luoyang",the biomass; growth,Molybdenum,pot culture,heavy metals,University Engineering Safety; Maize; maize,,China; Shichuan; Agriculture
10.3390/ijerph15010024,Cr uptake; Cr; Cr Cu; the Cr contents average Cu Zn; halloysite treatment; Published Abstract,,The greatest average above-ground biomass,,,contaminated; Cr contamination; soil pollution,Brassica juncea; Indian mustard,,
,,,,,,,,,
10.3389/fpls.2015.00786,,,,,,,,,
10.1007/s00425-011-1568-8,strigolactones (SLs) SLs; N starvation; SL; N deﬁciency,arbuscular mycorrhizal fungi,,,,,lettuce; alfalfa; Fabaceae Asteraceae marigold plants; alfalfa Chinese milk milk vetch; Chinese milk vetch; Fabaceae alfalfa vetch; leguminous plant; Poaceae wheat; plant Chinese milk milk vetch plants; Fabaceae Asteraceae; tomato; sorghum; red clover,,
10.3390/ijms20174199,AMF; plant drought; Published; AMF-mediated; drought,Arbuscular mycorrhizal fungi (AMF); arbuscular mycorrhizal fungi,plant growth,,,sustainable agriculture; agriculture friendly,,,
,,,,,,,,,
10.3390/microorganisms11051113,Inoculum A; biochar; mycorrhiza inoculation rangelands; AMF; Biochar; when inoculated; Inoculum; Biochar David; inoculum; Inoculum B; mycorrhiza; without biochar; Inoculum C,University Corvallis OR 97331; arbuscular mycorrhizal fungi (AMF); AMF inoculum; soil from soil; commercial inoculum; Rangeland Sciences University; AMF Inoculum; Sciences State University Corvallis,growth; biomass,,greenhouse,undisturbed site; species restoration; disturbed site; degradation,Pseudoroegneria spicata; Sagebrush Steppe; V. dubia; P. spicata; Oregon State; Ventenata dubia; T. caput-medusae; sagebrush steppe; Grass; Taeniatherum caput-medusae; mycorrhiza Artemisia medusahead; rangelands,,USA
,,,,,,,,,
,,,,,,,,,
10.1371/journal.pone.0145793,"with without AMF; with without Cu addition; Cu treatments addition; Copper Stress; AMF; Conservation Taizhou; with without Cu; Without AMF; Cu; Zexin Jin1,2; Cu treatments",Arbuscular Mycorrhizal Fungi; AMF inoculation; arbuscular mycorrhizal fungi (AMF),inflorescence biomass biomass; 1000-seed weight; vegetative biomass,,,heavy metals; heavy metal,E. splendens; Elsholtzia splendens; Taizhou University,,Taizhou China; China; Taizhou China Institute; Taizhou
10.3390/ijms20020353,"non-saline; Pro TSC activity; Published; salinity; CA; FW; DW; NaCl; ribulose-1,5-bisphosphate; EL reduced; physio-biochemical",,plant growth; root DW; dry weight,high soil,,Chl enhanced degradation leakage malondialdehyde species superoxide; global agriculture,tomato,,
10.3390/microorganisms8111695,biofertilizers autochthonous by-product; non-saline high-saline; combined; The tri-combination CMR; individually; non-saline high-saline NaCl; uptake by-product microbiome; tri-combination CMR; the C biofertilizers selected; in combination; MR inoculation; Cl−; Salinity; R; Published Abstract; biofertilizers by-product microbiome,rhizobium; R rhizobium; arbuscular mycorrhizal fungi,plant growth; growth functioning concentration,,,agricultural,alfalfa,,
10.1038/s41598-018-32529-5,,,,,,,,,
10.1038/s41598-021-03132-y,,,,,,,,,
10.1371/journal.pone.0153378,inoculated measured; AM fungi; inoculation; Haoqiang; soil fixation; tensile strength; AM fungus; Forestry,Arbuscular Mycorrhizal Fungi; University Yangling Shaanxi; College University; College Northwest A&F University Yangling; arbuscular mycorrhizal (AM); irregularis Glomus; arbuscular mycorrhizal fungi; Rhizophagus irregularis Glomus versiforme; Rhizophagus irregularis; irregularis versiforme,pseudoacacia strength R. growth improved The; plant growth; mean weight; plant biomass,,pot,Loess Plateau,pseudoacacia; black locust; Robinia pseudoacacia; pseudoacacia R.; Robinia; Loess Plateau,,PR China; Shaanxi
10.3389/fpls.2019.00843,,,,,,,,,
10.5423/PPJ.OA.10.2012.0156,,,,,,,,,
10.3389/fpls.2022.898378,,,,,,,,,
10.3389/fmicb.2019.02591,,,,,,,,,
10.1038/srep20469,,,,,,,,,
10.1038/s41598-019-41671-7,,,,,,,,,
,,,,,,,,,
,,,,,,,,,
,native consortia; commercial strain; a control without AMF; inoculation,arbuscular mycorrhizal fungi (AMF),plant height; dry weight; the growth,,greenhouse,,Agave; Agave inaequidens,,
10.3389/fpls.2016.00329,,,,,,,,,
10.1038/s41467-018-06221-1,,,,,,,,,
10.3390/plants11010089,drought; ample water,Arbuscular Mycorrhiza Fungi (AMF),growth evapotranspiration nutrition morphology,,glasshouse,crop,Okra,tropical subtropical regions,
10.1016/j.jhazmat.2017.03.068,,,,,,,,,
10.1038/srep20469,,,,,,,,,
10.1111/1365-2435.12100,,,,,,,,,
10.3389/fpls.2015.00815,,,,,,,,,
10.3390/plants9080975,nodule; HM; the inoculated SGECdt; remediated; Cd; phytoremediation PGPR; inoculated; particularly inoculated SGE; SGE SGECdt; had Inoculation irrespective; SGE; Cd-supplemented; Cadmium; sterilized uncontaminated; uninoculated; Cd-treated; Published; Cadmium Cd; Inoculation; July Cadmium Cd,Variovorax; Rhizobium bv; bacterium Rhizobium leguminosarum bv; rhizobacterium; arbuscular mycorrhizal fungus Glomus; University Embankment; leguminosarum bv; Saint-Petersburg University University Embankment belimov@rambler.ru Accepted; bacterium bv; Russia; Saint-Petersburg State University Embankment Published,shoot biomass; plant growth; pea biomass more doubled genotypes; growth; juncea biomass B.,Polluted soils,pots,Cd contamination; heavy metals,pea PGPR; the Cd-tolerant pea; Brassica juncea Czern; pea SGE; Indian mustard; sativum; Pisum; viciae; L. Brassica juncea juncea Czern; pea,,
10.1038/s41396-020-0648-9,Bacillus; other rhizosphere bacteria,Rhizobia; bradyrhizobia sinorhizobia; bradyrhizobia; cereus; Bacillus; rhizobia bacteria,the growth,alkaline soil,,,soybean; The soybean rhizosphere,,
10.3389/fpls.2018.00154,,,,,,,,,
10.1038/s41598-021-85497-8,,,,,,,,,
10.1038/nature06448,,,,,,,,,
10.3389/fpls.2016.01088,,,,,,,,,
,Phenanthrene; PAHs; AM fungus fungus; single dual; Inoculation; PAH; stress,the AM fungus Rhizophagus irregularis effects; arbuscular mycorrhizal (AM); plant growth; irregularis R. T.viride; Rhizophagus irregularis; Trichoderma viride; irregularis T.viride,plant growth maize; plant growth,contaminated soils; contaminated soil,greenhouse pot,Corresponding author hydrocarbons; bioremediation,maize,,
10.3389/fmicb.2023.1184070,,,,,,,,,
10.3390/agronomy10010104,a control 1.5; biochar; a biochar high-quality; Accepted; Published; the control; amendment,,dry weight,sandy-loam clay-loam,greenhouse,agronomic; agricultural; The selected crop,vinifera; L. bicolor Moench; Vitis; Sorghum bicolor,,
10.1186/s12870-023-04111-3,Al‑Bandari; inoculation;   Qiu‑Yun Qin1 Ma1 Zhou1; stress well-watered WW; drought; Qiang‑Sheng,   Arbuscular mycorrhizal fungi (AMF); Diversispora spurca;     Kuča2 Abeer Hashem4 Al‑Arjani4; arbuscular  mycorrhizal fungi‑mediated; arbuscular  mycorrhizal fungus,,,,,  walnut; walnut regia; Abeer; Juglans regia; walnut Juglans regia,,
10.3389/fmicb.2022.814323,,,,,,,,,
10.3389/fmicb.2016.01030,,,,,,,,,
,,,,,,,,,
10.3389/fpls.2020.00072,,,,,,,,,
,,,,,,,,,
10.1016/j.crvi.2016.04.009,,,,,,,,,
,,,,,,,,,
10.1038/s41598-019-45702-1,,,,,,,,,
,,,,,,,,,
10.3390/plants10122716,Développement d’Ottawa; Agriculture Canada Canada 0C6; Ottawa,AMF inoculum; Arbuscular mycorrhizal fungi (AMF); AMF-mixed inoculums,,arid soils; saline soils,,Soil degradation,edaphoclimatic; T. articulata; Tamarix articulata; arid semiarid,semiarid areas,Canada yodalpe@gmail.com; Agroalimentaire Canada; Ottawa Agroalimentaire Canada Ave
10.1371/journal.pone.0213672,wheat the mixture; AMF inoculation; mixture; AMF; the presence absence; treatment; inoculation; N fixation; Agricultural Food; sole; presence absence; low; AMF presence,Forest Sciences; Abstract Arbuscular mycorrhizal fungi (AMF); arbuscular mycorrhizal fungi,growth; N biomass; root biomass; belowground growth,,pots,intercropping; mixture sole crops; agricultural,wheat bean Durum; bean; wheat; University of; Salvatore Lima; faba; wheat Durum; faba bean,,Italy Angelo; Italy
,,,,,,,,,
10.3389/fpls.2018.00093,,,,,,,,,
10.3389/fpls.2019.01068,,,,,,,,,
10.1371/journal.pone.0218969,fertilizers; vitro-produced; fertilizers amendments; Control Glomygel carrier carrier Mycodrip; As; fertilizers Phosphorus,arbuscular mycorrhizal fungal (AMF); AMF inoculants,yield,marginal soils,Field,subsistent agriculture,cassava; Nigeria; P2O5 ha-1; Sudan Savanna,,Northern Guinea Savanna; Samaru; Minjibir
10.3389/fpls.2018.01705,,,,,,,,,
10.1371/journal.pone.0150181,"Callender1,2 Sébastien Roy3; Callender1,2 Department Energy charles.greer@nrc-cnrc.gc.ca Abstract Phytotechnologies; Mine Waste Rock; MPN; A Greenhouse Study Katrina L. Callender1,2 Roy3 Khasa4 Whyte1 Greer2 Department",Pseudomonas Rhizobium; Brevundimonas Caulobacter; Azotobacter Mesorhizobium Rhizobium; Frankia ectomycorrhizal (ECM) ECM; Sphingomonas Sphingobium Pseudomonas; Frankia ectomycorrhizal (ECM); Sphingobium Pseudomonas; Pseudomonas Mesorhizobium Rhizobium; Sphingomonas Sphingobium; Azotobacter Mesorhizobium; McGill University Ste-Anne-de-Bellevue,growth; biomass; plant biomass; the growth,,Greenhouse,mine; mine gold; contaminant degradation sequestration; contaminated; Gold Mine; remediation; nutrient-poor; Mining Environment,A. crispa; A. glutinosa; P. Khasa4; Quebec Ste-Anne-de-Bellevue; A. crispa glutinosa; pioneer species; alder; Frankia-inoculated (,,Quebec Canada Laval; Quebec Canada; Katrina; northern Quebec; Northern Quebec; Canada
10.3389/fpls.2018.00478,,,,,,,,,
10.3390/plants9121801,Published ; Al water-soluble; AlCl3; PGPR; Al; aluminium nodulation; inoculation; rhizosphere microbiome; pHKCl CaCO3; fertilizer; Inoculation; four,Saint-Petersburg University Embankment; Saint-Petersburg State University; University Embankment; rhizobia PGPR; arbuscular mycorrhizal fungus (AMF); Russia,biomass; seed biomass,soil acidity; Al-supplemented soil,,Aluminium,PGPR pea microbiome; Pea plants; pea,,
10.3389/fpls.2017.00517,,,,,,,,,
10.1111/j.1365-2745.2009.01544.x,,,,,,,,,
10.3390/microorganisms7120706,Published; chemical fertilizers,,,,,organic agriculture; the important crops,Tomatoes; tomatoes,,
10.3390/jof9121152,an fungi AMF; single EPF; inoculation; co-inoculation; the treatments; single inoculants; an AMF co-inoculation strains; plant-endophyte consortia; four; EPF,Arbuscular mycorrhizal fungi (AMF); endophytic fungi,biomass; Plant growth; the growth production,,pot,sustainable agriculture; agricultural,,,
10.3390/agronomy9010041,irrigated; Si AMF clarus; Si D AMF L−1; Si AMF; Si; water; Published; drought D; Si inoculation,Rhizophagus clarus; arbuscular mycorrhizal fungus (AMF),growth relations mycorrhization concentration status; plant biomass,,,,strawberry; Strawberry,,
10.1111/j.1365-2486.2006.01279.x,ECM; AM fungi; three; AM ECM; control N-fertilized; N fertilization; CA; AM ECM root-associated; mycorrhizal fungi; severe ﬁre; USA Abstract Mycorrhizal fungi; AM,arbuscular mycorrhizal (AM); University Biological Sciences; ectomycorrhizal (ECM) ECM; University Sciences Stanford Stanford,,,,N-fertilized,California Irvine; University of Gainesville,Alaskan boreal ecosystems,USA wDepartment; USA; USA zDepartment; Alaskan
10.3390/plants12244171,water stress,,,,,the common crops,potato; Solanum tuberosum,,
10.3390/plants9010080,content PSII Fv/Fm; drought C control; in-land; AM; Mycorrhizal inoculation; drought control; control plants; NM; R; irrigation; non-mycorrhizal; Accepted; SE; drought; Published Abstract; bio-amelioration; AMF; non-mycorrhizal NM; autochthone AMF,arbuscular mycorrhizal fungi,growth; plant growth; Carob growth production ecosystems; growth physiological content parameters,coastal,,climate change-induced droughts,southern ecotype; carob; northern ecotype; Ceratonia siliqua; Carob siliqua; arid,semi-arid ecosystems,
10.3390/jof9050540,excess; species inoculants; no mycorrhizae; without AMF; low surface moisture; native AMF; AMF treatments; NAT combined; AMF tion inocula‑ treatments; three treatments; MIX NAT; low nutrient; CON MIX; treatment; treatments CON mycorrhizae MIX; AMF; CON; inoculate; excess P,imperialis B.; imperialis B. excess P.,root biomass,,,impacted,Bellucia imperialis; P. B.; pioneer; imperialis B.,,the Central Amazon
10.3390/plants11070861,R FR; parasitoids; AMF; mycorrhizal non-mycorrhizal; water nutrients; FR light; low R; mycorrhizal inoculation,Beneﬁcial soil microbes; Cotesia marginiventris; the shade avoidance syndrome SAS; the parasitoid Cotesia marginiventris; arbuscular mycorrhizal fungus,biomass; plant growth; growth,,,,lycopersicum tomato; Solanum lycopersicum tomato chalcites; Solanum lycopersicum,,
10.3390/agronomy7040075,Combining; AMF; AM; responses sometimes zero; AM plants; phosphate; fertilizer; symbiotic microorganisms; Published Abstract; AM-colonized,Arbuscular mycorrhizal fungi (AMF); arbuscular mycorrhizal (AM); arbuscular mycorrhiza,growth,,,agronomic; high-yielding disease-resistant crops; crops; crop,,,
10.1007/s11356-015-5094-2,,arbuscular mycorrhizal fungi (AMF),sativa growth,,greenhouse pot,,Hieracium pilosella; Medicago sativa,,
10.1007/s11738-013-1402-y,proteome metabolome; drought salinity ﬂooding etc; drought salinity; UV; protein groups,,crop yield; plant growth,,,crop; heavy metals,,,
,,,,,,,,,
10.3389/fpls.2022.965576,,,,,,,,,
10.3390/molecules26175321,EO; EO displaying; EO the tested one; mycorrhizal inoculant; EO tested all; distilled; mycorrhizal inoculation,,biomass; growth production,polluted soils; trace element (TE)-polluted soil,,polluted,clary sage; linalool; coriander; Coriandrum sativum; Salvia sclarea; % linalool,marginal lands,
10.3389/fpls.2017.01966,,,,,,,,,
,,,,,,,,,
10.3389/fpls.2022.880181,,,,,,,,,
10.1038/s41598-020-59447-9,,,,,,,,,
10.3389/fpls.2022.993301,,,,,,,,,
10.3389/fpls.2013.00533,MU HE AZ; http://www.frontiersin.org/journal/10.3389/fpls.2013.00533/; MU AZ; Ubiquitin; MU HE; -P [+NK,et Willmann,Figure | maize S2 Growth,,,,maize pht1;6 mutant; cobs; maize,,
10.1038/s41558019-0545-2,,eCO2,biomass; biomass based; plant biomass,,,,eCO2,,
10.1038/ismej.2010.171,,,,,,,,,
10.3389/fpls.2015.01143,,,,,,,,,
10.1007/s00442-023-05329-6,,,,,,,,,
10.1038/s41598-019-46743-2,,,,,,,,,
,,,,,,,,,
10.3389/fpls.2019.01068,,,,,,,,,
10.3389/fpls.2019.01068,,,,,,,,,
10.3389/fpls.2023.1134995,,,,,,,,,
10.3389/fpls.2016.00276,,,,,,,,,
10.3389/fpls.2017.00931,,,,,,,,,
10.1371/journal.pone.0101487,Gamper HA; Agriculture; AMF; Khoshgoftarmanesh AH; ZnSO4 fertilizer; Zu; inoculating; ZnSO4; Agricultural; sole; Inoculating; Jan Jansa5; Radioanalytics Laboratory; Citation,Agricultural Sciences; AMF inoculation; nonindigenous AMF; Isfahan Isfahan University; arbuscular mycorrhizal fungal (AMF),plant biomass,calcareous soil,pot,Zinc Institute Switzerland deficiency,Bread Wheat; Terrestrial Ecosystems; wheat bread; red clover,,Institute Switzerland; Czech Republic; Switzerland College; Switzerland
10.1038/ismej.2009.122,,,,,,,,,
,,,,,,,,,
10.1007/s00374-012-0669-2,Non-inoculated; AM fungal; Inoculated non-inoculated transplanted; four available soil; ha−1 superphosphate; noninoculated; non-inoculated; inoculating; inoculated plants; control; AM fungus Percentage; non-sterile; AM fungus; Inoculated non-inoculated,indigenous AM fungi; arbuscular mycorrhizal (AM); Glomus,growth yield; the growth uptake yield; the grown yields plant−1; weight Yield; containing Yield; dry weight,,field; a glasshouse; a field,,Allium fistulosum; Welsh onion,,
10.3389/fpls.2022.845794,,,,,,,,,
10.1038/s41598-019-39463-0,,,,,,,,,
10.1890/11-1691.1,AMF; antagonists mutualists,Insect Sciences University; arbuscular mycorrhizal fungi (AMF); Sciences Life Amsterdam; Sciences University; arbuscular mycorrhizal fungi; effects fungi Acalymma vittatum; University Massachusetts Amherst; Acalymma vittatum,plant growth; plant growth used,,,pollination,"NICHOLAS A. ADLER,1 NINA THEIS,2; V. HAZZARD,1; Cucumis sativus; Netherlands; America; cucumber Cucurbitaceae",,College Chicopee 3Department; Amherst 2Department; Elms College Chicopee
10.3389/fpls.2022.968719,,,,,,,,,
10.1038/s41396-018-0059-3,Acidobacteria; soil microbial communities; low soil; AMF; AMF-suppressive; soil microbiome; ERM The; ERM; soil pasteurisation,Arbuscular mycorrhizal fungi (AMF),,,,,,,
10.3390/toxics10100565,AMF; Se; Ce Fm; inoculation; Se DDI; Selenium Se; (DDI); fertilization; Se Selenium,Claroideoglomus etunicatum; Claroideoglomus etunicatum Ce mosseae; etunicatum Funneliformis mosseae Fm; Arbuscular mycorrhizal fungi (AMF); Funneliformis mosseae,soybean accumulation speciation biomass,,pot,,Glycine; soybean; Soybean,,
10.3389/fpls.2013.00206,,,,,,,,,
10.3389/fpls.2015.00081,,,,,,,,,
10.1016/j.catena.2016.07.037,,,,,,,,,
10.1017/S0007114508922522,,,,,,,,,
10.1007/s13593-011-0029x,# INRA B.V. Salinity; irrigated; AMF; sodium; saline conditions; salinity; salt sensitiveness; chaperone; INRA Abstract Salinity; Salinity; K+/Na+; salt stress,Arbuscular mycorrhizal fungi; Aroca Abbreviations acid R. ): Simbióticos; Arbuscular mycorrhizal plants; arbuscular mycorrhizal fungi; Arbuscular mycorrhizal fungus BAS Branched-absorbing structure CNGC Cyclic nucleotide-gated channel; arbuscular mycorrhizal fungi negatively; arbuscular mycorrhizal,growth improved performance; plant growth,,,salt-tolerant crops; crop; salinized,Sistemas Simbióticos; Dev; Rosa,,Spain
10.1038/ismej.2010.5,,,,,,,,,
,suitable AM fungi; rock phosphate RP; AM inoculation; HM-stress; mycorrhiza fungi; phosphate RP; drought; conditions drought; sugar beet; heavy metal; water; phosphate solubilization; SB; combined treatments; nutrient deficiency; bioremediation; water stress,Arbuscular mycorrhiza (AM); arbuscular  mycorrhizal (AM); Aspergillus,growth; Plant growth; plant heavy,semi-arid soils; contaminated sites; agro-waste residue-amended soil,,  a successful re-afforestation;   metal HM contamination stress; Corresponding author; metal HM contamination stress; degradation,especially P.  ; arid sites; olive cake; dry olive cake DOC,Mediterranean  ; semiarid,
10.3389/fpls.2016.00730,,,,,,,,,
10.1038/s41598-021-97674-w,,,,,,,,,
10.1371/journal.pone.0259959,with; FC; all water; AM fungi; without AM inoculation; water deficit-mediated; inoculation treatments; AM; soil water; deficit-mediated,Rhizophagus intraradices; arbuscular mycorrhizal (AM),biomass; seedling growth; the growth photosynthesis system,,,,Euonymus maackii; E. maackii,,
10.1007/s11104-015-2388-6,,arbuscular mycorrhizal fungi (AMF),,,pot,,V. tricolor; Viola tricolor,,
,,,,,,,,,
10.1038/srep20469,,,,,,,,,
10.3389/fpls.2018.01611,,,,,,,,,
10.3390/plants12091908,soil microorganism; without; untreated; AMF+; fertilizer; AM; with AMF+; fertilization,Arbuscular Mycorrhizal Fungi (AMF); AMF inoculation,growth productivity,,,crop; crop two-rowed barley; conventional organic cropping,barley,,
10.3390/plants12112195,AMF; P addition exogenous; phosphorus addition; three; no addition; P addition; without AMF; AMF inoculation levels; addition,arbuscular mycorrhizal fungi (AMF); AMF inoculation,root growth,,,,Eupatorium lindleyanum; plant Eupatorium adenophorum lindleyanum; Eupatorium adenophorum,,
10.3390/plants12244088,mixture; AM fungi; the inoculation treatment additional AM inoculation; inoculation; artiﬁcial inoculation treatment; drought; treatment AM inoculation; AM; Agri mycorrhiza,Rhizophagus irregularis; artiﬁcial inoculation; Rhizophagus irregularis inoculation; arbuscular mycorrhiza,biomass; mass,degraded,,urban; the grassland artiﬁcial restorations,artiﬁcial grassland; local The ﬂora; grasslands lawns; lawn,mesoclimatic,Törökszentmiklós; Törökszentmiklós Nagykunság Plain; Hungarian Great Plain; seed Nagykunság herbaceous; Pannon
10.3389/fpls.2021.693044,,,,,,,,,
10.3389/fpls.2024.1364469,,,,,,,,,
10.3389/fmicb.2014.00682,,,,,,,,,
10.3390/plants8070197,Se plant; Se; pathogens; Se hyperaccumulation; pathogens defense; pathogens neighbors; Published Abstract,,,,,,,,
10.1016/j.gexplo.2016.11.021,,,,,,,,,
10.1038/srep19990,,,,,,,,,
10.3389/fpls.2024.1385245,,,,,,,,,
10.1007/s11104-013-1621-4,mycorrhizae intraradices; loam Luvisol Kohler-Milleret; earthworms mycorrhizae; earthworms chlorotica plants,Allolobophora; Glomus intraradices,,,,,Allium porrum; unstable silt loam; Petunia hybrida; Allolobophora chlorotica; petunia; leek,,production Roxane Kohler-Milleret Bayon
10.3389/fpls.2015.00280,,,,,,,,,
10.1016/j.chemosphere.2009.01.056,,,,,,,,,
10.1038/ismej.2010.5,,,,,,,,,
10.1038/ismej.2009.122,,,,,,,,,
10.3390/plants12030547,soil cadmium stress; soil Cd; Cd,arbuscular mycorrhizal fungi (AMF); AMF inoculation,the growth ﬂuorescence uptake content,contaminated soils,pot experiment,metal contamination; heavy metal; Heavy metal; Remediation,Medicago truncatula,,
,salt stress; mM NaCl; non-stress; hydroponic experiment,,,,,Corresponding   author,T.  ; wheat; aestivum,,
,,,,,,,,,
10.3389/fpls.2023.1101932,,,,,,,,,
10.1038/s41396-020-0648-9,Bacillus; other rhizosphere bacteria,Rhizobia; bradyrhizobia sinorhizobia; bradyrhizobia; cereus; Bacillus; rhizobia bacteria,the growth,alkaline soil,,,soybean; The soybean rhizosphere,,
,,,,,,,cannabis como; cannabis; História da como; revisão Abstract Cannabis; cannabis História da da como medicamento,,India; Asia; Christian
10.1038/s41598-018-32529-5,,,,,,,,,
10.1007/s11104-015-2388-6,,arbuscular mycorrhizal fungi (AMF),,,pot,,V. tricolor; Viola tricolor,,
10.3390/agriculture9050110,Myco Apply DR; beneﬁcial microorganisms; four soil; non-treated control; AMF; AMF-based; EC inoculation; factorial combination; a non-inoculated control; AMF-based treatments; inoculated plants; salinity; soil salinity; control plants; non-inoculated control; Published Abstract,arbuscular mycorrhizal fungi (AMF); Rizotech,higher yield production; tomato yield performances; the highest yield,,greenhouse,,greenhouse tomato plum; Solanum; plum; tomato “ plum; lycopersicum; tomato,,southern Italy
10.1016/j.sajb.2010.05.003,Agriculture; Cadmium; Cd; cadmium Cd; Cd stress; RWC; Elsevier B.V.; Cadmium Macronutrients; SA; SA treatment,Botany; University New Delhi; Saudi Arabia; University Hamdard Delhi; Baramulla College,growth decreased biomass; shoot biomass; Published; growth; the growth,,,,Brassica juncea; P. Ahmad; mustard juncea L. Czern Coss; mustard; mustard plants; mustard Czern,,India; Pakistan; University Kashmir; Baramulla; University King Saud Riyadh; University
10.1126/science.1084269,,,,,,,,,
,,,,,,,,,
10.3390/plants11131743,University Faculty; fertilizers; different treatments; Cluj-Napoca; AMF; T1 T2; T1 control; inoculated; T1 fertigation; Agricultural; Transversal Competences; treatments T1 control colonization T2 fertigation; mycorrhizae; Faculty Agriculture; fungi roots T3; without mycorrhizae; without fertilizer; three treatments,Agricultural Sciences; arbuscular mycorrhizal fungi (AMF); Arbuscular mycorrhizal fungi (AMF),vegetative biomass,,,agronomic; crop,lycopersicum; Solanum; tomato; tomatoes L.,,
10.3389/fpls.2023.1222557,,,,,,,,,
,und Ektomykorrhizen Feinwurzeln wird; sehr unterschiedlicher Größe; mycorrhizae arbutoide; Zirbe zwischen einzelnen älteren; auch da auch; Flächen; Weiterentwicklung maßgeblich beteiligt; SSW einem; % wurden EtOH; verwendet; % KOH; KOH; Mycorrhizae Fungi; Wachstumsbedingungen; bestimmten wird Myzels Schema Stichproben aufgenommen; Untersuchung Qualitative; Gegenhang; Hochlagenaufforstungen; und Ektomykorrhizen Feinwurzeln wurden; Kongorot; High Altitude Afforestation; von Vergleichende Gegenüberstellung Methoden zur; Fruchtkörpern; Art wurde; Nadelhölzer; Ab diesem Zeitpunkt; ungünstigen Standort; beziehungsweise nach; Methoden; Schema aufgenommen; Daraus; von Kronenprojektion Einzelbäumen; Mitteilung HENSLER; häufig      sehr; von wurden Für pinea FRATTEGIANI; mit Beständen Kronenschluß; sehr Schäden deutliche; Es; von entfernten Waldbeständen aufgrund Sporeneinträgen ( TRAPPE; Artenspektrum wurden nur; Daten wurden;    ;   ; Haggen der wird die Beziehung; Bestimmung; wodurch sich sogenannte; Ektomykorrhiza der als vor Schutz Austrocknung; PANASONIC VIDEO MONITOR WV CM; und gering Regenerationsfähigkeit Feinwurzeln zur; Klimaparameter wurden kontinuierlich während eines; Ektomykorrhiza fungi; sondern dient; Beschreibung; gesamten Pilz-bestandes eines Vegetationstyps; von zur Erfassung Pilzvorkommen  Großquadrate; auf von wurden Untersuchungen Initiative Herrn HR; festen holzbesiedelnden; Ansiedelung; von sehr parkähnliche Zirbenbestände Aufnahmeflächen Größe; ectomycorrhizae; Dieses Material wurde kühl; vor allem; zu; Methoden Vergleichende; Einwanderung;     ; inoculated;  ; Erhebung; Entfernt liegende; Es wurde daher die; dem bevorzugt Umstand Rechnung; Struktur; Schäden; zu bestimmten Substraten; Andrerseits besteht die Möglichkeit der; Bezirksforstinspektion; Bewirtschaftung nur geringfügig; Tubercle-like mycorrhizae; Pilzgesellschaften; Aufforstung; aus sowie Bereich nicht aufgeforsteten,lato; wurden Röhrlinge lato; Arten; Schlagwörter; Piceetum; welche ihre Fähigkeit; Gemeindegebiet; eine genaue; Untersuchung qualitative Artenlisten; Heterobasidiomycetes; Ascomycetes; bilden Ascomycetes; Zirbe Lärche L. Spirke; der von Zirbe Fichte Lärche Ektomykorrhizen L. Bärentraube; Guaiak; St.; Grasland Pilzbestandes; Suillus; Zirbe; Calluna Vegetationstyps; flavida; m von Zirbe vorwiegend Parzellen Lärche Wälder; Genaue; vor allem bei Zirbe mykorrhizierten; Untersuchung; Aufforstung; MOSER Untersuchung mikroskopische; aufgelichtete; Zirbe Fichte L.; Vergrößerung; der von Zirbe Probeflächen; berücksichtigt; Kleinquadrate Tirol Ampasser Kessel; Bestimmung; ihrer Trägerwurzeln; Zirbe mit; Spathularia,fungal biomass,,durchwurzelten; auf i an nicht; the tree nursery expanded,zweimal;   The high altitude afforestation; von Bodenvegetation; Brilliantkresylblau; afforestation; Anzucht; high afforestation attitude; Veränderung; succession; lagerbergii stark beeinträchtigt,ihre Häufigkeiten geschätzt; Arctostaphylos uva; tree; der der des des Aufforstung Beurteilung Pilzvorkommens Qualität Entwicklungstrends; Pinus pinea; blockigem Gelände; der Versuchsfläche  ; Nährstoffspeicher spielt; Untersuchungszeitraum (; Picea abies; treeless; Verzweigung Pilzmantels; 1963 Entsprechend dem; Christlum Höhenprofile Achenkirch Kalkalpen; Die Aufforstung; sowie des oberhalb Leckschrofens; der Aufforstung beschränkt; ein daß bestimmte Zwergstraucharten Refugium; Waldökosysteme; Vegetationseinheiten; Röhrlinge Blätterpilze; Aufmerksamkeit geschenkt; Auflagenhorizonten geschnitten; Tag fotografiert; Wäldern; Bis Herbst war; oberhalb; ausreichend; Abies amabilis; Zwergstrauchheiden entwickelt; alpigenum; Aufforstungsteil sehr; Pinus uncinata; mit Calluna z. Zirbenbestand; unter Calluna; Larix decidua; Pilzarten; Aufforstung; bearberry; Untersuchungsergebnis nicht; bearberry ursi; Aufforstung Teil beschränkt; das Artenspektrum; Bestimmungsliteratur siehe Literaturverzeichnis; Larix europea; Pflanzendecke; other forests; verändern kann; Erstellung von; oberhalb Leckschrofens; Fruchtkörpern; Pinus cembra,,Lawinenverbauung; von Pilzpopulation Anzuchtgärten; Tirol; u des Ektomykorrhiza-Besatzes; Verwachsung; Lärchenpflanzung; und Datum auch; Saprophyten; Größe
10.1186/s12870-022-03514-y,,,,,,,,,
10.3389/fmicb.2015.00203,,,,,,,,,
,,,,,,,,,
10.3390/su71215799,Inoculated non-inoculated ´; low natural; moderate severe; salinity; Inoculated AMF+; non-inoculated; inoculated; available AMF; inoculation; severe soil salinity; Inoculated non-inoculated; AMF; moderate; soil salinity levels; salinity NaCl; inoculate; fresh water-irrigated controls; AMF+; moderate % severe; salt stress,commercial AMF; AMF inoculation; Glomus,growth; the growth acquisition,,nursery inoculation; nursery,,Solanumlycopersicum; tomato; greenhouses; tomato plants,,
10.3389/fpls.2015.00544,,,,,,,,,
10.3389/fmicb.2019.02634,,,,,,,,,
,,,,,,,,,
10.3389/fpls.2023.1206047,,,,,,,,,
10.3389/fpls.2024.1303750,,,,,,,,,
,,,,,,,,,
10.3389/fmicb.2019.02144,,,,,,,,,
10.3390/molecules24132471,Published,,,,,,,,
10.1007/s00572-018-0819-y,single fungus; AM fungus; mycorrhizal endophytic; double inoculation; the AM fungus; co-inoculation; sp. Co-inoculation; flavonoid; Inoculation; non-polluted substrate,Endophytic fungi; arbuscular mycorrhizal (AM); Mucor; Rhizoglomus intraradices; Arbuscular mycorrhiza; mycorrhiza Trichoderma; endophytic fungi; Trichoderma asperellum,increased biomass yield; biomass yield; plant growth; plant biomass; the fungus increased biomass yield,polluted substrate; non-polluted polluted substrate; polluted sites,,metal-polluted; agricultural; toxic,T. asperellum; wild lettuce; Lactuca serriola,,
10.3389/fpls.2019.00863,,,,,,,,,
10.3390/agronomy4030418,nodule; –60; drought well-watered; drought;    Published Abstract,,biomass yield above-ground; grain yield; shoot biomass,,field; the field; ° ° –60,deep rooting,Glycine; soybean,,
,conventional; N fertilizer; BP; freshmarket; nematodes; low-input; mulch; BP mulch,,biomass; soil temperatures; Yields,,freshmarket field,crops; sustainable agriculture; The cover crops; agricultural,field tomatoes Mill; Secale; cereale; rye L. mulches; crimson clover; villosa; hairy vetch; Lycopersicon esculentum; Vicia; tomato plants; Trifolium; black polyethylene; tomato; incarnatum,,United States
10.3389/fmicb.2016.01030,,,,,,,,,
10.3390/horticulturae4040039,Cr I.; Pb Cr; V B Co Pb Cr I Ni Sr Sn; organic conventional; Se Se polyphenols; Cd; Se; Se pseudo-stem; Al Ca; As Co Fe; Co Cr Fe; As Co; Cr Sn; V Pb; As Co Li; As; Cu; Al; Se Se; Si; Published; Ca V Cr,,yield; yield indicators,,pseudo-stem,conventional; Pseudo-stem dry matter,Allium porrum; greenhouses; A. sativum; Varietal; I.; Leek porrum; leek,,
10.1038/s41598-020-59793-8,,,,,,,,,
10.3389/fpls.2015.00786,,,,,,,,,
10.21608/agro.2017.662.1058,,,,,,,,,
10.1371/journal.pone.0093967,Experiment H Citation ¨nzbergova,Botany; Prague Charles University; arbuscular mycorrhizal fungi,lower aboveground biomass; plant growth; mycorrhizal aboveground biomass,,field; Field Transplant; field five-year; greenhouse,,Raabova; Aster amellus; herb; ¨nzbergova; Pru ˚honice; Czech Karst,,Czech Republic
10.3389/fpls.2018.00607,,,,,,,,,
10.1038/ncomms12881,,,,,,,,,
10.1038/s41598-021-94092-w,,,,,,,,,
10.3390/jof7050361,without AM fungus; with; AMF; nodule; drought; inoculated; AMF treatments; As; other beneﬁcial fungal; elevated carbon dioxide; AMF eCO2 treatments; ambient CO2; AM; AMF production content,mosseae; Funneliformis; Rhizobium; arbuscular mycorrhizal fungi (AMF); leguminosarum,biomass; Plant growth,,,,eCO2; leguminous plants; eCO2 ppm; faba bean; faba Vicia,,
10.3390/microorganisms9091803,treatments; UM6P; non-inoculated; Phytate,the suspension; Mohammed VI Polytechnic University UM6P,,undisturbed soil,greenhouse,,soybean; maple forest,,
10.3390/plants10091948,Five; SSU; AM fungi; uninoculated plants; Inoculation,arbuscular mycorrhizal fungi (AM fungi; Funneliformis mosseae,yields; plant growth; yield; plant biomass; root biomass,,,,tomato; coconut,,
10.3389/fmicb.2017.00971,,,,,,,,,
10.1111/j.1469-8137.2004.01159.x,,,,,,,,,
10.1038/srep20469,,,,,,,,,
,,,,,,,,,
10.1134/S1064229316100124,N treatments; levels; Nitrogen Addition,Sciences,Vegetation Restoration,,,Normal,Chinese Academy; temperate steppe; Xinyu Zhangc; Temperate Steppe; Wetland; chestnut,,Inner Mongolia1; Northeast; Northeast Normal; Inner Mongolia; Changchun; China
10.3390/ijms13044673,"conventional; SFME; extraction solvent free SFME; Published; 1,8-cineole; HD","2,2-diphenyl-1-picrylhydrazyl DPPH•; Sci",% similar yields,,,,myrtle; Myrtus communis,,Algerian
10.3389/fmicb.2017.02516,,,,,,,,,
10.3390/biology12040628,MAPs; AMF; MAPs co-cultured; trufﬂe-oaks growing; ectomycorrhizal; inoculated non-inoculated; the MAPs co-cultured; alone; non-inoculated; when inoculated; trufﬂe-oaks; MAPs inoculated; MAPs AMF-inoculated; MAPs previously inoculated non-inoculated; MAPs All AMF-inoculated; when AMF-inoculated; inoculated AMF,Tuber melanosporum; arbuscular mycorrhizal fungi (AMF); native; trufﬂe-oaks; AMF Tuber melanosporum,growth ’ colonization; root biomass; signiﬁcant growth; growth trufﬂe-oaks,,a shadehouse,a secondary crop; agro-forest,black trufﬂe; lavender thyme; lavender thyme sage; lavender sage; T. melanosporum,,
10.3390/molecules15129252,   December Published Abstract,,,,,cosmetic,,,Portugal
10.1007/s11104-005-7084-5,without fungal; canadensis poplars; Cd; cadmium ectomycorrhiza; cadmium ectomycorrhiza Paxillus involutus phytoremediation canadensis viminalis; cost-eﬃcient treatment; other fungi; the control; controls; control plants; ectomycorrhizal fungi; each combination,Hebeloma crustuliniforme; ectomycorrhizal fungi; Paxillus,growth; Cd yields concentrations,contaminated sites; polluted soil,pot experiment,contaminated; cadmium Abstract Phytoextraction; remediation the; Heavy metal,Populus canadensis; Salix viminalis; P. canadensis; Pisolithus tinctorius; Salix viminalis willows; viminalis S.; viminalis willows poplars; trees; P. involutus,,
10.3389/fpls.2022.947547,,,,,,,,,
10.3389/fmicb.2016.01246,,,,,,,,,
10.1038/s41598-019-39463-0,,,,,,,,,
10.3390/plants12051184,sterile soil; early successional plants; non-native plants; AM fungi; non-native competitor; control; native plants; late successional plants; AM,native AM fungi; arbuscular mycorrhizal (AM); native microbe soil amendments; whole soil collections,seedling biomass; Seedling Establishment,ex-arable soils; ex-arable soil,pots; the pots,ex-arable; US grassland restorations faberi,Native Microbes; Non-Native Grass Liz; grassland; grass faberi; Thomas P.; Setaria faberi; prairie; the non-native grass faberi S.; Amplify Native; Grass Liz Koziol; a non-native grass; KS 66044; nearby tallgrass prairie,,US; USA; Lawrence
10.1080/10942912.2012.700539,,,,,,,,,
10.3389/fpls.2021.614162,,,,,,,,,
10.3390/jof9060684,respectively uninoculated; HM; Water Conservation,Arbuscular Mycorrhizal Fungi; AMF inoculation; Civil Engineering; University Biological Sciences Technology; Glomus mosseae; Glomus mosseae intraradices; Arbuscular mycorrhizal fungi (AMF); Civil Engineering University Chengdu; Engineering Southwest Jiaotong University; Glomus intraradices,growth; the biomass uptake,contaminated soil; tailings,greenhouse pot,HM various contamination sampling; Heavy Metals; Contaminated; heavy metal; Shuikoushan lead/zinc mining,pseudoacacia; Robinia pseudoacacia; Robinia; Chengdu 610031; black locust,,Shuikoushan; Hunan province; University Beijing Beijing Forestry; China inoculation obtained; China
10.3389/fpls.2018.01906,,,,,,,,,
10.3389/fpls.2019.00895,,,,,,,,,
10.16886/IAS.2015.06,Fertilizer; AMF; varying fertilizer rates; inoculation; lyme; in combination; other treatment; fertilization,arbuscular mycorrhizal fungi (AMF); AMF inoculation; artificial inoculation,vegetative regeneration; seedling growth; vegetative growth,,,sandy; re-fertilization,  lyme grass; grass;   grass,,Iceland
,,,,,,,,,
10.1038/s41598-018-24686-4,,,,,,,,,
10.3389/fmicb.2022.881442,,,,,,,,,
10.2134/agronj2011.0311,,,,,,,,,
10.3389/fmicb.2018.00169,,,,,,,,,
10.3389/fpls.2016.00782,,,,,,,,,
,no-till; No-till; equal exceed; moisture; N2O; no-till soils; water; minimum tillage; deep-burrowing earthworms;   Europe tillage Conservation; Southwestern Europe; tillage Conservation; weed control; tillage; minimum reduced tillage,,crop yields; yield,ploughed soils; No-till soils,greenhouse,ploughing; crops spring-sown; No-till; crop; profitable autumn-sown crops; herbicides,western southwestern; Western Europe,,Northern Europe; southwestern Europe; northern regions; Spain 6AgroParisTech; France
10.3390/agriculture8010008,Published Abstract,,,,,agriculture; crop,,,
10.3390/plants9010108,Cadmium; AMF; Cd; Published; HM; Cd OS; Cd Cd OS induced; OS; Cd OS kg−1 bioavailable,arbuscular mycorrhizal fungal (AMF); Rhizophagus intraradices; AMF Rhizophagus intraradices,growth soybean nutrients; plant growth; yields,,,hyperaccumulator crops; heavy metal,Glycine; soybean,,
10.3389/fphys.2012.00182,,,,,,,,,
10.3390/jof1010055,Nitrogen fertilization; a inoculated mixture plorans;   Francesca Scandellari Received; MB; EM; ergosterol length; Ectomycorrhizae EM; inoculated; Published; in-growth mesh; mycorrhiza inoculation; nitrogen fertilization,Academic Editor Scandellari; Suillus placidus; Suillus,  Fungal biomass; soil biomass fungal,,a nursery,  afforestation inoculation,Pinus cembra; high-altitude; S. plorans sibircus; trees;   afforestation Suillus placidus; trees The,,
10.1371/journal.pone.0048669,Colonization; without AM fungal; untreated plants; Cd mg?kg21; AM fungi; Cd overall; cadmium Cd; Cd %; Cd treatment mg?kg21; control plants; membranes; Cd inactive; fungi-inoculated plants; controls; the treatment; significantly colonized; Cd; no AM fungi,arbuscular mycorrhizal (AM); Fungal inoculation; intraradices G.; Glomus intraradices,The biomass,Cd-added soils,,contaminated; heavy metals,alfalfa L.; Medicago sativa; alfalfa,,China
10.1371/journal.pone.0167014,UMR; Mixed inoculation; single mixed inoculations; Crop inoculation; four O.; Se; non-inoculated; irrigated lowland; Mycorrhizal Inoculation; microbes optimal combinations; fertilizer pesticides; PGPB; AGD; inoculation; AMF PGPB; sterile soil; irrigated; AMF; inoculated plants,arbuscular mycorrhizal fungi (AMF),yield higher grain; crop yield; plant growth; yield grain index,,Sahelian; field; screenhouse; Field; field screenhouse,Crop; crop; agricultural,Abdala Gamby; irrigated upland; rice variety; O. glaberrima; Rice; rainfed lowland; upland; rice; Oryza sativa,,Antony; Dakar Air Microbiologie IRD/ISRA/UCAD; France Center; Senegal
10.3390/microorganisms11082012,AM fungi,fungal inoculation; arbuscular mycorrhizal (AM); Native Mycorrhizal Fungi,biomass; response,,,Crop; crop; Organically Farmed; organic farming; organic farm,ﬁve pepper; Soils Liz Koziol; Tomato Solanum lycopersicum; ﬁve tomato varieties; Tomato Pepper annuum Varieties; crop; Capsicum annuum; Old-Growth Grassland Tomato; an Old-Growth Grassland Grassland Beneﬁts Tomato lycopersicum Pepper Station University USA; Solanum lycopersicum,,Lawrence KS USA; Lawrence USA; USA Correspondence; Lawrence KS
10.1016/j.envexpbot.2005.05.011,colonized; AMF; non-colonized controls; NaCl; salt stress,Germany; arbuscular mycorrhizal fungi (AMF),,,,Northern analyses,tomato colonized; tomato,,
,,,,,,,,,
10.1038/s41598-019-45702-1,,,,,,,,,
10.1038/s41598-019-41671-7,,,,,,,,,
,,,,,,,,,
10.1007/s11157-020-09523-3,biochar; ash content; Abstract Biochar; ash; Biochar; carbon ash,,biomass; pyrolysis temperatures; wood biomass; different biomass plant,,,pollution remediation; crop; pollution remediation improvement enrichment sequestration,Patrycja Boguta,,
10.1038/ncomms12881,,,,,,,,,
10.3389/fmicb.2022.1006140,,,,,,,,,
10.3389/fpls.2018.01046,,,,,,,,,
,,,,,,,,,
10.3389/fpls.2017.01951,,,,,,,,,
10.1186/s12870-024-05032-5,,,,,,,,,
10.3390/toxics10100574,AM fungi; inoculation; arsenic As; As; arsenic,Chinese; Arbuscular mycorrhizal (AM),,,,contaminated; The intercropping; agricultural; heavy metal,L. maize; P. vittata; vittata maize grown; Zea mays; Pterisvittata,,
,,,,,,,,,
10.1038/srep04671,,,,,,,,,
10.1007/s11738-011-0814-9,UV-B; WD-stressed; UV-B treatment; WD UV-B; WD stresses; combined application; stresses both; water deﬁcit; WD; UV-B UVB,,,,,,barley,,
,,,,,,,,,
10.1038/s41598-021-94092-w,,,,,,,,,
10.3389/fpls.2018.01142,,,,,,,,,
10.3390/plants9070804,AMF; Se; the biofortiﬁcation; Se I antioxidant; combined inoculation; Se I; untreated control; selenium Se; Se I biofortiﬁcation; soil inoculation; Published Abstract; biofortiﬁcation; joint single,arbuscular mycorrhizal fungi (AMF); AMF inoculation,biomass; plant growth; dry weight; the residual biomass,,,farming; vegetable crops,Cicer arietinum; chickpea,,southern Italy
10.1038/s41598-021-85497-8,,,,,,,,,
10.1007/s00122-010-1501-8,sterile soil; AMF; genotype each grown; non-inoculated; inoculated,cepa AMF Glomus intraradices; arbuscular mycorrhizal fungus (AMF); intraradices G. non-inoculated; Glomus intraradices,,,,,Allium cepa; A. tri-hybrid cepa 9; cepa tri-hybrid,,
10.3389/fpls.2017.00141,,,,,,,,,
10.3389/fpls.2017.00183,,,,,,,,,
10.3389/fpls.2015.01077,,,,,,,,,
10.3389/fpls.2023.1140467,,,,,,,,,
,,,,,,,,,
10.1186/s12870-021-02949-z,drought; Hiba Shaghaleh9 AbdElgawad10 Farooq11; Ahmed; R5,Ismail; Arbuscular mycorrhizal fungi; japonicum japonicum B.; Bradyrhizobium japonicum; Arbuscular Mycorrhizal Fungi (AMF); Bradyrhizobium; Bradyrhizobium japonicum japonicum,yield growth; soybean yield growth,,,,soybean; soybean stressed,,Zaid Ulhassan8
10.1007/s13593-011-0029x,# INRA B.V. Salinity; irrigated; AMF; sodium; saline conditions; salinity; salt sensitiveness; chaperone; INRA Abstract Salinity; Salinity; K+/Na+; salt stress,Arbuscular mycorrhizal fungi; Aroca Abbreviations acid R. ): Simbióticos; Arbuscular mycorrhizal plants; arbuscular mycorrhizal fungi; Arbuscular mycorrhizal fungus BAS Branched-absorbing structure CNGC Cyclic nucleotide-gated channel; arbuscular mycorrhizal fungi negatively; arbuscular mycorrhizal,growth improved performance; plant growth,,,salt-tolerant crops; crop; salinized,Sistemas Simbióticos; Dev; Rosa,,Spain
10.1007/s11270-011-0915-5,Single inoculations; combined; cadmium Cd; Cd Zn; cadmium Cd phytoextraction; inoculated; inoculated plants; Springerlink.com Abstract Single ectomycorrhizal mesophaeum bacterial inoculations; Cd,Hebeloma mesophaeum; bacterial cereus; cereus B.; bacterial; Bacillus cereus; + bacterial Bacillus cereus,biomass; lowest biomass; plant growth,contaminated soil,,,willows; willows Salix viminalis; Salix viminalis; cereus willows the; willows All inoculated; willows viminalis,,
10.1186/s13104-017-3105-8,,,,,,,,,
10.3390/agronomy9060299,Published Abstract limits; the consortium; chilling treatment; processing tomato the genotype; the microorganisms inoculated inoculated; Chilling; a consortium; a genotype modern,mosseae F. h.; mosseae F.; Funneliformis mosseae graminis; arbuscular mycorrhizal fungi; Funneliformis mosseae,tomato growth yield; plant growth; growth yield,,,crop,tomato; P. graminis; processing tomato seedlings,,
10.3389/fmicb.2017.00193,,,,,,,,,
10.1111/tpj.12203,,,,,,,,,
10.1038/s41598-019-50354-2,,,,,,,,,
10.1038/ismej.2010.171,,,,,,,,,
10.1016/j.phpro.2012.05.127,,,,,,,,,
10.3390/plants7040080,Se; B Al; selenium juncea; Se I; biofortiﬁcation foliar season; Cd Sr; sodium selenate; control plants; Published Abstract; biofortiﬁcation,,plant growth,,,crop,Brassica juncea; I. Keywords,,
10.1038/s41598-018-24686-4,,,,,,,,,
10.1080/12298093.2024.2360750,the treatments given; different combination; treatment T3; AMF; T3 entisol; Amendment Anamendment;   treatments; treatment fungi; treatment AMF; soil T1; T3; Entisol; treatments; the treatment T3; combined improve; mycorrhiza inoculation; Forestry Wildlife; mycorrhizal inoculation,Arbuscular Mycorrhizal Fungi; A Central University; arbuscular mycorrhizal fungi (AMF),Influence Growth Biomass; the highest biomass species; biomass; plant growth; the growth biomass; plant growth biomass The; growth biomass; Growth Biomass; growth;   plant growth The; the highest biomass,Entisol soil; normal soil,nursery,,Guru Ghasidas Vishwavidyalaya University; 183–190 Inoculants; Terminalia arjuna; T. arjuna,,Bilaspur
,,,,,,,,,
10.1038/srep08122,,,,,,,,,
,,,,,,,,,
10.3389/fpls.2015.00786,,,,,,,,,
10.3389/fpls.2020.516818,,,,,,,,,
10.3389/fmicb.2017.00971,,,,,,,,,
10.3389/fpls.2016.01901,,,,,,,,,
10.3390/jof9100977,nylon mesh; phosphate solubilizing bacteria; PSB; co-inoculation,etuicatum Bacillus aryabhattai; Claroideogolmus etuicatum; Bacillus aryabhattai; effects namely Claroideogolmus etuicatum aryabhattai; Arbuscular mycorrhizal fungi (AMF),,rootless soil; the hyphosphere soil,a three-compartment microcosm,,Camellia oleifera,,
10.3390/microorganisms11010050,Colonization; AMF; drought abiotic; sterile active; drought; competition,Commercial AMF inoculation; arbuscular mycorrhizal fungi (AMF); arbuscular mycorrhizal fungi; commercial inoculum; commercial AMF inoculum,biomass; plant biomass; growth survival establishment,field soil,field,,sagebrush steppe; Artemisia tridentata; Artemisia plants; Artemisia caput-medusae fungi amelioration; Artemisia arbuscula; Artemisia nova; T. caput; Artemisia spp; genus Artemisia; nova A.; Taeniatherum caput-medusae; tridentata ssp,,North American
10.1007/s13593-011-0029x,# INRA B.V. Salinity; irrigated; AMF; sodium; saline conditions; salinity; salt sensitiveness; chaperone; INRA Abstract Salinity; Salinity; K+/Na+; salt stress,Arbuscular mycorrhizal fungi; Aroca Abbreviations acid R. ): Simbióticos; Arbuscular mycorrhizal plants; arbuscular mycorrhizal fungi; Arbuscular mycorrhizal fungus BAS Branched-absorbing structure CNGC Cyclic nucleotide-gated channel; arbuscular mycorrhizal fungi negatively; arbuscular mycorrhizal,growth improved performance; plant growth,,,salt-tolerant crops; crop; salinized,Sistemas Simbióticos; Dev; Rosa,,Spain
,,,,,,,,,
10.3390/microorganisms10051042,single; the combination; longibrachiatum T. MF; non-saline; non-inoculated; salinity levels; all; NaCl; dual inoculation; salt stress; AM fungal,Trichoderma longibrachiatum; arbuscular mycorrhizal (AM); Glomus; longibrachiatum; arbuscular mycorrhizal fungi; Trichoderma longibrachiatum fungi mycorrhizal; Environmental Sciences; Trichoderma,the biomass ratio; maize plant biomass,saline soil; salt-affected soils,,crop; Tel./Fax Abstract,non-inoculated maize L.; T. longibrachiatum; Zea; dual-inoculated maize; maize,,China; Agricultural University; China Agricultural University Beijing; China University
10.1111/1365-2745.13220,,,,,,,,,
10.3389/fpls.2021.617892,,,,,,,,,
10.3389/fmicb.2018.02525,,,,,,,,,
10.1007/s13201-018-0796-5,,,,,,,,,
10.3390/molecules27061752,non-colonized group; mycorrhizal colonized; four groups; fungi inoculation; control group2; He-Ne laser-irradiation; non-irradiated; control group1,Rhizophagus irregularis; arbuscular mycorrhizal fungi (AMF); Rhizophagus irregularis MUCL,biomass,artiﬁcial soil,climate-controlled chamber,,Pelargonium graveolens; rose-scented geranium; P. graveolens,,
10.1038/srep24902,,,,,,,,,
10.1038/s41598-020-59447-9,,,,,,,,,
10.3389/fpls.2016.01146,,,,,,,,,
,,,,,,,,,
,,,,,,,,,
10.1007/s11104-013-1681-5,AMF; PRLC; PRLC greater,arbuscular mycorrhizal fungal (AMF),plant growth; plant biomass,,,,,,
10.1007/s00572-024-01139-7,,,,,,,,,
10.3389/fpls.2018.01655,,,,,,,,,
10.1038/s41598-019-46743-2,,,,,,,,,
10.3389/fmicb.2018.00652,,,,,,,,,
10.3390/plants7030063,combinations bacteria diameter yield; Soil salinity; Published; mycorrhizal fungi; saline non-saline,Glomus mosseae,growth; corn yield L.; mean weight; A algal dried biomass combinations,,mesocosm experiment,,corn; Zea mays; arid,semi-arid lands,
10.3389/fmicb.2022.827293,,,,,,,,,
,,,,,,,,,
10.3389/fmicb.2020.586050,,,,,,,,,
10.3389/fpls.2017.00817,,,,,,,,,
10.1038/s41598-022-17075-5,,,,,,,,,
10.1007/s00572-017-0768-x,single endophyte; plant-endophyte consortia; inoculation,arbuscular mycorrhizal fungi (AMF),biomass,,,a post-mining waste dump; post-mining dump,Verbascum lychnitis,,
,Fertilizers Se Zn; micronutrient deficiency; Se; sodium selenite; alone combined;   whether alone combined;   the single; combined application; Se Zn; Fertilizers; Selenium; sodium selenate; I Se Zn; microelement fertilizers,,,,field,then food crops grown; the crops tested; Corresponding author;   the crops other,canola; winter wheat; maize soybean potato; wheat; g Se ha-1; winter wheat maize; soybean potato canola; winter wheat biofortifying; wheat maize soybean; potato canola cabbage,,
,uninoculated controls; other treatments; TS; both ectomycorrhizal (ECM) ECM; a mixture aurigloba; biosolids combined combined; HB; amendment; low biosolid doses; mycorrhizal inoculum; mycorrhizal inoculation,arbuscular mycorrhizal inoculum (AMF); Acaulospora levis; Glomus; Glomus Scutelaspora Acaulospora; Glomus Acaulospora; arbuscular mycorrhizal,Biomass; plant biomass; growth; plant height; stem weights,tailings tailings; tailings T; biosolid-amended pots,glasshouse; the pots; pots all; pot,mine sulphidic gold; toxic; mine;   long-term remediation; phytostabilisation,a eucalypt cladocalyx; sulphidic; E. cladocalyx; trees; ha-1,,
10.1186/s12898-018-0197-5,,,,,,,,,
10.3390/plants10071333,AMF1 AMF2 AMF3; AMF1 AMF2 respectively; DQI; i.kakabouki@gmail.com; The treatments; three treatments,Rhizophagus irregularis; arbuscular mycorrhiza fungus,weight,,greenhouse,agronomic,cannabis; Cannabis sativa,,
,,,,,,,,,
10.3390/ijms19082160,continuous cropping; soil microorganisms; inoculated mosseae; Published; Continuous cropping,Arbuscular mycorrhizal fungi (AMF); mosseae F.; Funneliformis mosseae,yield; plant biomass,,,quality degradation,soybean,,Heilongjiang Province
10.1007/s00572-012-0453-z,mineral N; ammonium; intraradical; ERM harvested; the FC; ERM,arbuscular mycorrhiza; extraradical mycelium; Arbuscular mycorrhiza; arbuscular mycorrhizal fungus; Glomus intraradices,plant growth,,,,Cowpea; cowpea plants; cowpea,,Elke Gabriel George
10.1111/j.1469-8137.2004.01159.x,,,,,,,,,
10.3390/microorganisms11051144,drought moderate; AMF; control treatment; drought % % moderate; moderate no; AMF native; drought treatment; drought severe; drought no treatment; water stress; drought; soil water; (30%,AMF inoculum; Arbuscular mycorrhizal fungi (AMF); fungal inoculation,plant biomass; microbial biomass,,,,corn; maize,,
10.1038/s41598-021-03132-y,,,,,,,,,
,CAS; registry,,Molecular weight,,,,,,
10.3929/ethz-b-000374879,"water suspension; combined; EK Bünemann2,4; determined combination; Bern; affiliations; water filtrate;   a combination;    KA; Combined; non-phytase; the suspensions; ETH",Germany; University Bern; University Bern Group,,,,Corresponding author,University of,,Switzerland author; Switzerland
10.3390/plants12193426,AMF,Arbuscular mycorrhizal fungi (AMF); College University Correspondence; commercial AMF inoculant,the growth morphology; high yield; root growth,normal soils,,saline; an oil crop; sdauhk@163.com,hypogaea; peanut; Arachis; nmst12@163.com *; Peanut L.; peanut salt-tolerant,,Qingdao Qingdao Agricultural University; China; Agricultural University
10.3390/plants12234012,non-AMF inoculated; AMF inoculation; MIX; AMF; Chile; non-inoculated inoculated; RM; non-inoculated inoculated NY combination; a non-inoculated combination; CC; MG; Cu; non-inoculated NY; NM,Claroideoglomus claroideum; Territorios Rurales; yeast inoculation; Rhodotorula mucilaginosa; Meyerozyma guilliermondii MG mucilaginosa; Meyerozyma guilliermondii; Mención Biología Celular; Arbuscular mycorrhizal fungi (AMF); guilliermondii Rhodotorula mucilaginosa RM; Claroideoglomus claroideum CC,growth; plant growth,Cu-contaminated,,Pontiﬁcia; Crop; Grupo de Ingeniería Ambiental; mine,de Facultad Ciencias Ambientales EULA-Chile Concepción; Oenothera picensis; Universidad Católica,,Ciencias; Chile; Centro; Facultad; Ciencias Mención
10.3390/su71215799,Inoculated non-inoculated ´; low natural; moderate severe; salinity; Inoculated AMF+; non-inoculated; inoculated; available AMF; inoculation; severe soil salinity; Inoculated non-inoculated; AMF; moderate; soil salinity levels; salinity NaCl; inoculate; fresh water-irrigated controls; AMF+; moderate % severe; salt stress,commercial AMF; AMF inoculation; Glomus,growth; the growth acquisition,,nursery inoculation; nursery,,Solanumlycopersicum; tomato; greenhouses; tomato plants,,
10.1371/journal.pone.0234099,colonized; ectomycorrhizal; three; interspecific competition; three ectomycorrhizal; single- treatments,subaureus S. spraguei >; subaureus; S. S. americanus; Suillus; S. americanus; subaureus delayed; subaureus S. spraguei; Lotus; subaureus S. americanus; S. spraguei; subaureus S. americanus spraguei; Suillus subaureus; ectomycorrhizal fungi; Minnesota Minneapolis,growth; dry biomasses; dry biomass,,,,Pinus strobus; P. strobus; America; University of,Tropical Plant; Manoa Manoa; Manoa Manoa Honolulu,Riverside Riverside; California; United States; Department States California Riverside; California Riverside Riverside
10.3390/plants11131780,salinity stress; biofertilizers; different doses; Soil salinity; vitro-obtained; soil fertility,arbuscular mycorrhizal fungi (AMF); intraradices G.; fungus intraradices; the fungus Glomus intraradices; Glomus intraradices,biomass,,the greenhouse,different crops; crop,Veracruz 94953 Correspondence; taro cv; esculenta; Schott cv; Colocasia esculenta,,Mexico *
10.3390/agriculture10040129,Hemp L.; hemp; CBD hemp; cannabidiol CBD; ash@ncat.edu A.S.; fertilizer; CBD; Hemp; Published Abstract; ﬁber CBD hemp; fertilization,,biomass; hemp biomass,contaminated soils,,crop this multipurpose; agronomic; crop; cropping; agricultural; an emerging specialty crop,Cannabis CBD; America; Cannabis sativa,,US; USA; United States
10.3389/fpls.2016.00102,,,,,,,,,
10.3390/app9102143,Azolla endophytes azollae growth sp.; Published Abstract; described microbiome associated; the microbiome studied,Trichormus; Achromobacter Alcaligenes; azollae Trichormus; Achromobacter Microbacterium Delftia Agrobacterium; sp. AzoEndo14; Bacillus Staphylococcus Micrococcus; Microbacterium Delftia; Delftia; bacterial; Micrococcus; Staphylococcus Micrococcus Acinetobacter; Achromobacter Bacillus; endophytes Micrococcus Acinetobacter; sp. AzoEndo14 AzoEpi25; Achromobacter Bacillus Staphylococcus; Agrobacterium; Microbacterium Agrobacterium; as epiphytes Achromobacter Bacillus Bacillus Microbacterium Alcaligenes; Anabaena azollae; Bacillus,growth; plant growth,,,,,,
,,,,,,,,,
10.1186/s12864-022-08797-x,,,,,,,,,
10.3389/fpls.2018.01631,,,,,,,,,
10.3390/microorganisms12010075,soil AM; AMF; the inoculum; OTUs; AM; AM fungal,arbuscular mycorrhizal fungi (AMF); Henri Wallon Wallon; Henri Wallon Wallon d’Hères; arbuscular mycorrhizal fungi,shoot biomass sativa; the shoot biomass intensity used,,the field surroundings; durum field; the field; greenhouse,,Medicago sativa; Esplanade Erasme; wheat; Collège Henri; bello.mouhamadou@univ-grenoble-alpes.fr; T. durum; species Triticum durum; wheat weeds; an organic winter wheat field; Triticum durum; wheat associated,this agroecosystem,France Erasme; Lebanon
10.3389/fpls.2021.740524,,,,,,,,,
10.1007/s11104-013-1681-5,AMF; PRLC; PRLC greater,arbuscular mycorrhizal fungal (AMF),plant growth; plant biomass,,,,,,
10.3389/fpls.2017.00684,,,,,,,,,
,,,,,,,,,
10.1371/journal.pone.0128841,AM Fungi; inoculated inoculated; well-watered; AM fungi; female; not inoculated; MT; the AM fungus; females; Pot-grown; drought mycorrhizal; drought; female plants; AM fungal; Forestry; Drought,arbuscular mycorrhizal (AM); Rhizophagus intraradices; Northwest A&F University Yangling,shoot growth; morphological growth; root growth; biomass system; growth; biomass ration total; root biomass,,,,Populus cathayana; Populus cathayana plant; dioecious plant,,Yangling China tangm@nwsuaf.edu.cn; Yangling China; College Yangling China
10.1038/srep24902,,,,,,,,,
,,,,,,,,,
10.3390/foods5020041,Published; identiﬁcation,dill parsley mint; Academic Editor,,Hydrodistillation HD using,,,coriander,,
10.1038/s41598-020-59793-8,,,,,,,,,
10.3390/plants11141860,nodule; mM NaCl; inoculated; ectomycorrhizae; Mycorrhizae; salt exposure; salt stress,Frankia Hebeloma; Frankia,plant growth; increased biomass,,,oil sands; The mining,crispa with; alnobetula subsp; Alnus alnobetula; Frankia-inoculated plants,boreal forest,Canada
10.3389/fpls.2018.01726,,,,,,,,,
,,,,,,,,,
10.3390/app9204432,sand culture; foliar CBD THC; analysis diagnostics; Published ; nutrient formula; T1; a complete modiﬁed Hoagland; MRML; Raleigh NC; CBD THC; visual; photographs; hemp; crop-speciﬁc; control plants; single nutrient; Accepted October; nutrient deﬁciency,Agriculture Services; Agriculture Consumer Services Raleigh,growth yield; optimum growth yield; growers researchers,,,where negatively impacted serve; crops,deﬁciency cannabis toxicity fertility; cannabis; Cannabis sativa,,USA Kristin; North
10.9755/ejfa.2015-11-1044,,,,,,,,,
10.3389/fmicb.2023.1131797,,,,,,,,,
10.3390/plants11172276,inoculation; LLC Corvallis; AM fungi; AM fungal,arbuscular mycorrhizal (AM); commercial AM fungal; commercial inoculants; commercial AM fungal inoculants; local AM fungal communities; commercial inoculum; Oklahoma State University Stillwater; Corvallis OR,plant growth; plant growers; controlled growth; plant biomass; the growth,,,restoration; symbiosis restoration,W. T.; grassland; grasslands; grasslands restoration; USA 3; Oklahoma State,,USA; KS; Lawrence
10.1038/s41396-018-0059-3,Acidobacteria; soil microbial communities; low soil; AMF; AMF-suppressive; soil microbiome; ERM The; ERM; soil pasteurisation,Arbuscular mycorrhizal fungi (AMF),,,,,,,
10.3390/plants9030375,AMF; Published ; untreated control plants; the control AMF-inoculated; control AMF-inoculated; humidity; I Se Zn; Fe Co Li; untreated control,arbuscular mycorrhizal fungi (AMF); AMF inoculation,growth the; growth development; the biomass,,open-ﬁeld,heavy metals,Artemisia dracunculus; tarragon lavender plants; dracunculus angustifolia oﬃcinalis L.; lavender; dracunculus angustifolia A.; Hyssopus; tarragon; Lavandula angustifolia; hyssop; dracunculus oﬃcinalis A.; dracunculus A.,,
10.3389/fmicb.2016.01089,,,,,,,,,
10.1111/j.1469-8137.2012.04348.x,,,,,,,"Figures; 	    erikverb82@hotmail.com",,
10.3390/ijms20051104,GAPDH GAPCp; yeast; Plastidial; MF477938.1; Published Abstract,,,,,,Nicotiana tobacum; Chinese Spring Spring wheat; wheat; Chinese Spring wheat,,
10.1007/s00442-009-1294-0,,,,,,,,,
10.1007/s10533-015-0169-1,elevated ambient; mineral soil,nigra,,,,bioturbation,alba Betula pendula; P. Populus; trees growing; Fagus sylvatica; Alnus glutinosa,terrestrial ecosystems,the experiments Euro-
10.1017/S000711451100290X,oestrogenic/anti-oestrogenic; CVD; R. Barale3; Agricultural; C. Sbrana2 1Department,San; beneﬁcial mycorrhizal symbioses; D. Reali4,,,,Crop,P. Picciarelli1; tomato fruits; Abstract Tomato; tomatoes,,Italy
10.3389/fpls.2018.01605,,,,,,,,,
10.3389/fpls.2017.00684,,,,,,,,,
10.3390/su71215799,Inoculated non-inoculated ´; low natural; moderate severe; salinity; Inoculated AMF+; non-inoculated; inoculated; available AMF; inoculation; severe soil salinity; Inoculated non-inoculated; AMF; moderate; soil salinity levels; salinity NaCl; inoculate; fresh water-irrigated controls; AMF+; moderate % severe; salt stress,commercial AMF; AMF inoculation; Glomus,growth; the growth acquisition,,nursery inoculation; nursery,,Solanumlycopersicum; tomato; greenhouses; tomato plants,,
10.1038/s41396-018-0171-4,same species; the AMF; PSB; phosphate solubilizing bacterium,the irregularis bacterium Rahnella aquatilis; Rhizophagus irregularis aquatilis; arbuscular mycorrhizal fungus (AMF); Rhizophagus irregularis; the bacterium; Rahnella aquatilis,growth,,,,,,
10.15406/apar.2017.06.00231,Agriculture; AM inoculated; salinity; levels SW2; AM; N Al; medium high; irrigation; SW1 SW2 treatments; medium SW1; irrigated nonsaline; AM fungi; ECw; saline water; Published; mycorrhizal fungi; high 4.8dSm–1; medium 2.4 SW1 high; NSW,962–272–010–78; arbuscular mycorrhizal (AM),  pepper yield uptake; yield; fruit weight; growth fruit yield; yield fruit fresh weight;   fruit fresh yields,,,,pepper;   green pepper; Jordan University; annuum; crop; Capsicum; Pepper; cv,,Jordan Irbid Tel; Jordan Irbid; Zingaro
10.1038/nature06448,,,,,,,,,
10.3389/fpls.2018.01156,,,,,,,,,
,,,,,,,,,
10.32615/ps.2019.073,,,,,,,,,
10.3390/foods9030365,Published; EO,,,,,agriculture; the present review,,,
10.1186/s12862-016-0698-9,Cathy Zabinski9; James D. Bever8; Pedro M. Antunes4,arbuscular mycorrhizal inoculation; arbuscular mycorrhizal (AM); arbuscular mycorrhizal fungi,plant growth,,,,V. Bala; Catherine Gehring6,,Louis J.
10.3389/fpls.2018.00730,,,,,,,,,
10.1038/ncomms1046,,,,,,,,,
10.1007/s00122-010-1501-8,sterile soil; AMF; genotype each grown; non-inoculated; inoculated,cepa AMF Glomus intraradices; arbuscular mycorrhizal fungus (AMF); intraradices G. non-inoculated; Glomus intraradices,,,,,Allium cepa; A. tri-hybrid cepa 9; cepa tri-hybrid,,
10.1186/s12870-022-03790-8,,,,,,,,,
10.1371/journal.pone.0266526,Sun1 Yun Guo1; different treatments; AMF; AM fungi; soil Yan Sun1 Umer2 Wu3 Guo1 Ren1 Han1 Li1 Wu1 Shen1 Xia1; inoculated AM fungi; control soil without AM fungi; inoculated; soil microbial; four,"indigenous microorganisms; 1 HeID1,2 Forestry College Center; Arbuscular mycorrhizal (AM); arbuscular mycorrhizal fungi; Guizhou University China; indigenous microorganisms soil (AMI); Guizhou University; Bangli",plant growth; plant responses; plant biomass; growth nutrition regulated,karst soil,,succession,Setaria; viridis; Wenda; Bidens tripartita; karst; Bidens pilosa; Gramineae; Karst Georesources; P. R.; Guizhou University; pioneer herbs; Arthraxon hispidus,,Guiyang P. R. China Institute; China; Guiyang P. R. China Laboratory; Guizhou
10.3389/fpls.2022.898969,,,,,,,,,
,presence,,,,,Corresponding author violante@unina.it importance; toxicity,,,
,,,,,,,,,
10.3390/agronomy10010094,a compost waste MSW ha−1; MSW compost; manure compared; salinity compost; municipal; salt doses; the irrigation; bio-accumulation; amendment; salt-water irrigation; saline water; Accepted; MSW; Published Abstract; cadmium Cd; compost manure; Compost; Cu Zn Pb; Cu Pb; salt stress; farmyard manure,,growth,,forage,sustainable agriculture; forage crops; heavy metal,Medicago sativa; alfalfa; salinity alfalfa; cv,semi-arid arid regions,
10.1007/s00248-013-0302-4,free open; Unexplored Microbial Diversity; Brazilian,Brazilian,,,,,da Costa; Alexandre Morais; New; Alexandre Soares; Wurdig Roesch,,Marcos Rogério Tótola Hirsch; Brazil; Fernando Dini Andreote Duarte
10.1038/s41598-018-29020-6,,,,,,,,,
10.1007/s00572-021-01031-8,,,,,,,,,
,Faculty; rhizoboxes; soil; molybdenum treatment; molybdenum treatments; Molybdenum treatments; Agricultural Food; rhizobox the,Agricultural Sciences Management,,,rhizobox; molybdenum,,Zea mays mays L. cv; Zea mays cv; maize,,
,,,,,,,,,
,non-mycorrhizal; Non-mycorrhizal; salinity; NaCl; soil salinity; mycorrhizae,arbuscular mycorrhizal fungi (Glomus  intraradices; Colonisation,growth; dry mass; dry weight;   shoot biomass,,a greenhouse,,pepper; Capsicum; Provincia,,Argentina; Buenos Aires
10.1111/jac.12209,Free Air; elevated CO2;     irrigation dates;   University University Victoria Australia Centre Queensland Street; without; Agricultural; three years; low,  Sciences University Forest; Agricultural Sciences; Sciences Forest,crop yields;   N grain biomass %; yield biomass; growth,high soil,,Crop; crops; crop; dryland agriculture; soil N. Crops,N kg ha-1; Queensland Toowoomba; Victoria Horsham; dryland; wheat; Creswick Victoria; Victoria 2)Agriculture Department; Southern Queensland; dryland wheat,,Victoria State;   Australia Institute; Australia; Toowoomba; University
10.1016/j.lwt.2015.07.014,Yersinia enterocolitica; foodborne pathogens; Salmonella Enteritidis Typhi; Salmonella; Gram-positive bacteria; hydrodistillation,Salmonella Typhi; Listeria monocytogenes,a yield,,,,artemisia; the annua A.; Artemisia annua; camphor; Tuscany,,
10.1038/srep21805,,,,,,,,,
10.3389/fpls.2017.02236,,,,,,,,,
10.1038/s41598-021-97674-w,,,,,,,,,
,,,,,,,,,
,,,,,,,,,
,,,,,,,,,
10.1038/s41598-020-59180-3,,,,,,,,,
10.3389/fpls.2016.01386,,,,,,,,,
10.1007/s11104-013-1956-x,mass culture; July Abstract Background Inoculation; PGPR; PGPB; moisture; inoculation,plant growth-promoting bacteria; rhizobia venue; plant growth-promoting bacterial,yield performance,,,contemporary agriculture restoration; crops; agriculture environmental restoration,,,
10.1007/s00572-024-01151-x,,,,,,,,,
,biochar; ultra-micropore;  Biochar produced; mass-loss; CO CH4; same operating conditions; Biochar atmosphere;   CO,,the yield; higher the yields measured; biomass; increased yield The; an mass initial; higher yields; the yields Biochar,,,Devolatilization; Biochar Pyrolysis; devolatilization,wheat; Wheat,,
10.1007/s11434-013-5709-2,,,,,,,,,
,,,,,,,,,
,Cd mg kg-1 Pb; Cr Cu; Cd; Pb Cu; Cd Zn; Cd water; all treatments; Cd mg kg-1 Cr; the treatments; Cr Pb Cu Fe Mn Ni; Cd levels; soil water; Cd mg kg-1 treatments max Cr Zn Pb,Salix fragilis; fragilis S.,The growth metal; No growth; Dry weight; dry weight; root biomass,contaminated sediment; contaminated sediments,greenhouse pot; increasing field,,  Salix viminalis; willows; Salix viminalis; viminalis S.; the trees; Salix,,Belgisch
10.3390/microorganisms10112287,Combination; TE-polluted soils; Cd Zn; sewage; Organic Amendments; FR CNRS; in combination; organic amendment; UR; CEDEX; Cd,AMF inoculation; Arbuscular Mycorrhizal Inoculation; arbuscular mycorrhizal fungi (AMF); d’Opale Amiens Mesures; arbuscular mycorrhizal fungus (Funneliformis mosseae,microbial biomass; the growth,trace elements; Elements-Polluted Soils,,,L. coriander; coriander Cd immobilization; sativum; Article Coriander L.; sativum C.; Coriandrum,,Benoit; France
10.1038/s41598-019-51369-5,,,,,,,,,
10.1371/journal.pone.0090738,Mycorrhization treatments consisted; Water Stress; AM fungi; treatments fungicide; the well-watered treatment; Nitrogen Fixation; inoculation; P Frenda D AS; N fixation; water shortage; well-watered treatment; drought; Citation; water stress,Forestali Universita Palermo; arbuscular mycorrhizal spores; Gaetano Amato; Arbuscular mycorrhizal; Arbuscular Mycorrhizae; arbuscular mycorrhizal; Alfonso Salvatore Frenda Giambalvo,fixation forage yield; plant growth; growth clover fixation; Biomass; fixation total biomass content,,pots; field experiment,the crop; crop,berseem clover grown; Italy inner Sicily; Berseem; Amato G; berseem clover; Clover Plants,hilly area; semiarid; Mediterranean environment,Italy; Universita; Alfonso Salvatore
10.3389/fmicb.2024.1288865,,,,,,,,,
10.1371/journal.pone.0070633,conventional; AMF inoculation; AMF; Citation I; inoculation %; cheap inoculum; inoculum; in inoculum mass-produced; P fertilization,AMF inoculation; fungus Rhizophagus irregularis; irregularis; AMF inoculum; arbuscular mycorrhizal fungi (AMF); Lausanne Lausanne; in irregularis R.; irregularis R.; Rhizophagus irregularis; arbuscular mycorrhizal,the yield; plant growth; yield; the yield highest; improving yields; yields cassava,,,food crops; Crop; crops; crops cassava; conventional cultivation; tropical agriculture,cassava; Colombia Yopal; the Important Security Crop Cassava; University of,tropical,Colombia Department; European Colombian; Bogota; Colombia; de Colombia
10.3390/life13051118,AMF; of four; AMF inoculated; MBC; inoculated; FDA; uninoculated control; phosphorus (P)-deﬁcient; four,Claroideoglomus; Rhizophagus; Funneliformis; arbuscular mycorrhizal fungi (AMF); Glomus; arbuscular mycorrhizal fungi; Acaulospora,plant growth; microbial biomass,,,,rice aerobic enzymes; rice; rice aerobic; sustainable rice,,
10.1016/j.biombioe.2017.10.019,,,,,,,,,
10.1038/srep21805,,,,,,,,,
10.3390/agronomy9070353,inoculation; microbiome biota; use tillage; Published; inocula; AM fungal,arbuscular mycorrhizal (AM),,highly disturbed soils,Field Inoculation,agroecological; Perennial Agroecosystems,E. Crews; Perennial polyculture cropping,,USA; Lawrence KS
10.1007/s00442-009-1294-0,,,,,,,,,
10.1038/s41396-018-0171-4,same species; the AMF; PSB; phosphate solubilizing bacterium,the irregularis bacterium Rahnella aquatilis; Rhizophagus irregularis aquatilis; arbuscular mycorrhizal fungus (AMF); Rhizophagus irregularis; the bacterium; Rahnella aquatilis,growth,,,,,,
10.3389/fpls.2017.00390,,,,,,,,,
,,,,,,,,,
10.1038/srep04671,,,,,,,,,
10.3390/agronomy9090545,three microbial inoculations; snap; AMF; salinity stress; AMF IT2; = SC salinity control; inoculation control; Accepted; Salinity stress; IT1; Salinity; three salinity treatments; Published Abstract; Rhizobium AMF; salinity SC,Rhizobium; arbuscular mycorrhizal fungi (AMF),biomass; growth yield; plant growth; yield parameters; growth yield snap bean,saline soils,,salt-sensitive crops; agricultural,bean; Phaseolus vulgaris; snap bean vulgaris,,USA
10.3390/plants10050950,AMF communities; biochar; AMF; control treatment; biochar production; water; a control treatment; a control; without biochar,arbuscular mycorrhizal fungi (AMF); Obtained inocula; indigenous consortium,,sandy-loam clay-loam,greenhouse,agronomic,lettuce plants; sorghum,,
10.1007/s00572-018-0819-y,single fungus; AM fungus; mycorrhizal endophytic; double inoculation; the AM fungus; co-inoculation; sp. Co-inoculation; flavonoid; Inoculation; non-polluted substrate,Endophytic fungi; arbuscular mycorrhizal (AM); Mucor; Rhizoglomus intraradices; Arbuscular mycorrhiza; mycorrhiza Trichoderma; endophytic fungi; Trichoderma asperellum,increased biomass yield; biomass yield; plant growth; plant biomass; the fungus increased biomass yield,polluted substrate; non-polluted polluted substrate; polluted sites,,metal-polluted; agricultural; toxic,T. asperellum; wild lettuce; Lactuca serriola,,
10.3390/life12040497,malaria treatment; three; AM fungal; the AM fungus,arbuscular mycorrhizal (AM); mosseae; Funneliformis,Plant growth; root growth; plant biomass,P different phosphatic,,,annua; Artemisia annua,,
10.3389/fpls.2019.00863,,,,,,,,,
10.1111/plb.12280,,,,,,,,,
10.3389/fpls.2013.00338,,,,,,,,,
10.1038/s41598-019-51369-5,,,,,,,,,
10.1007/s00204-018-2197-9,,,,,,,,,
10.3389/fmicb.2014.00415,,,,,,,,,
10.1038/s41467-018-06221-1,,,,,,,,,
10.3389/fmicb.2021.618169,,,,,,,,,
,,,,,,,,,
,,,,,,,,,
10.3389/fpls.2018.00478,,,,,,,,,
10.1007/s10886-010-9868-1,whitefly; PAL5; RNAs Chi9; MeJA ethylene; all infestations; RNAs PR-1; RNAs GluAC; RNAs PAL5; RNAs; the time nymphs; RNAs GluB accumulated; whitefly-infested; infested; SA,tabaci vaporariorum B.; Bemisia,,,the whitefly greenhouse,Defense-response; Phenylalanine ammonia,Trialeurodes vaporariorum; Pathogenesis-related protein-1; T. vaporariorum; tomato plants; Trialeurodes; tomato; Bemisia tabaci,,
10.3389/fpls.2022.1022319,,,,,,,,,
10.1371/journal.pone.0145726,Pb; AMF; non-mycorrhizal plants,AMF inoculation; mosseae intraradices R.; mosseae intraradices F.; Abstract Arbuscular mycorrhizal fungi (AMF); Rhizophagus intraradices; mosseae Rhizophagus intraradices; Funneliformis mosseae intraradices; Funneliformis mosseae,biomass; the growth,polluted soils; heavy metal-contaminated; contaminated soils heavily,greenhouse,,leguminous tree; pseudoacacia; pseudoacacia R.; Robinia,,
,,,,,,,,,
10.1007/s00572-011-0391-1,sterile soil; AMF; laboratory experiment; other treatments; syn; inoculated; control; the AMF applied; the treatments; control plants; The following treatments; Inoculation; St. John’s-wort,Glomus geosporum; Glomus mosseae geosporum; AMF inoculation; syn intraradices 3 Funneliformis mosseae; intraradices Glomus; Funneliformis constrictum; intraradices mosseae F.; syn Funneliformis constrictum geosporum; Glomus constrictum; Rhizophagus intraradices; AMF inocula; arbuscular mycorrhizal fungi (AMF); intraradices mosseae R.; Glomus mosseae mosseae Mix geosporum; intraradices; syn Rhizophagus intraradices; mosseae F.; Glomus mosseae; intraradices Glomus mosseae; intraradices Mix R.; syn Funneliformis constrictum; Funneliformis geosporum; Glomus mosseae constrictum geosporum; Funneliformis mosseae,biomass activity,,,,this important herb; phloroglucinol; Hypericaceae; perforatum H.; Abstract Hypericum perforatum,,
10.1038/s41598-022-17075-5,,,,,,,,,
10.1038/srep08122,,,,,,,,,
10.1007/s11104-017-3528-y,the inoculum; inoculating,Pseudomonas; sp. RU47,plant growth,,,,,,
10.3390/ijms20102585,BC3F2; salt stress; donor parent alleles; hst1; salinity; Salinity; Published Abstract,locally grown; Mol Sci; “ Kaijin,growth; yield; root biomasses; yields,normal growth,,agronomic,rice; rice Yukinko-mai WT; rice salt-tolerant,,
10.1111/ppl.12676,S sulfur; Record; Agricultural; ambient; nitrogen  ,,transpiration-driven mass,,,crops,wheat belt; wheat;   the Eastern wheat belt,,Australia; South Eastern
10.1590/0100-67622016000200009,,,,,,,,,
,,,,,,,,,
10.1111/j.1365-2486.2003.00713.x,AM fungi; AM non-AM; the LRC total; treatment; AM LRC; non-AM; unheated heated; AM sequence types; AM; AM fungal,Abstract Arbuscular mycorrhizal (AM); non-AM fungi; Glomus; increased non-AM fungal; the Glomales Glomaceae; Glomaceae Gigasporaceae; Glomales Glomaceae Gigasporaceae,response this; responses allocation,,,,Trifolium repens; grassland; Canberra ACT,,Cumbria LA11; Australia zCentre; all Ascomycotina
